<?xml version="1.0" encoding="UTF-8"?>
<project-private xmlns="http://www.netbeans.org/ns/project-private/1">
    <editor-bookmarks xmlns="http://www.netbeans.org/ns/editor-bookmarks/2" lastBookmarkId="0"/>
    <open-files xmlns="http://www.netbeans.org/ns/projectui-open-files/2">
        <group>
            <file>file:/C:/Users/JAB/Documents/NetBeansProjects/ClasesPerstenciaMagui/src/persistencia/Venta.java</file>
            <file>file:/C:/Users/JAB/Documents/NetBeansProjects/ClasesPerstenciaMagui/src/persistencia/Persistencia.java</file>
            <file>file:/C:/Users/JAB/Documents/NetBeansProjects/ClasesPerstenciaMagui/src/persistencia/Usuario.java</file>
            <file>file:/C:/Users/JAB/Documents/NetBeansProjects/ClasesPerstenciaMagui/src/persistencia/PlatilloMenu.java</file>
            <file>file:/C:/Users/JAB/Documents/NetBeansProjects/ClasesPerstenciaMagui/src/persistencia/Cliente.java</file>
            <file>file:/C:/Users/JAB/Documents/NetBeansProjects/ClasesPerstenciaMagui/src/persistencia/VentaPlatillos.java</file>
            <file>file:/C:/Users/JAB/Documents/NetBeansProjects/ClasesPerstenciaMagui/src/persistencia/Producto.java</file>
            <file>file:/C:/Users/JAB/Documents/NetBeansProjects/ClasesPerstenciaMagui/src/persistencia/VentaCredito.java</file>
            <file>file:/C:/Users/JAB/Documents/NetBeansProjects/ClasesPerstenciaMagui/src/persistencia/ReservaPlatillo.java</file>
            <file>file:/C:/Users/JAB/Documents/NetBeansProjects/ClasesPerstenciaMagui/src/persistencia/Platillo.java</file>
        </group>
    </open-files>
</project-private>
